{
  "resourceType": "Observation",
  "id": "",
  "meta": {
    "lastUpdated": "2014-01-30T22:35:23+11:00"
  },
  "text": {
    "fhir_comments": [
      "  "
    ],
    "status": "generated",
    "div": "<div><p><b>Generated Narrative with Details</b></p><p><b>id</b>: f202</p><p><b>status</b>: entered-in-error</p><p><b>code</b>: Body temperature <span>(Details : {http://acme.lab code 'BT' = '??', given as 'Body temperature'}; {LOINC code '8310-5' = 'Body temperature', given as 'Body temperature'}; {SNOMED CT code '56342008' = '56342008', given as 'Temperature taking'})</span></p><p><b>subject</b>: <a>Roel</a></p><p><b>issued</b>: 04/04/2013 1:27:00 PM</p><p><b>performer</b>: <a>Practitioner/f201</a></p><p><b>value</b>: 39 degrees C<span> (Details: SNOMED CT code 258710007 = '258710007')</span></p><p><b>interpretation</b>: High <span>(Details : {http://hl7.org/fhir/v2/0078 code 'H' = 'High)</span></p><p><b>bodySite</b>: Oral cavity <span>(Details : {SNOMED CT code '74262004' = '74262004', given as 'Oral cavity'})</span></p><p><b>method</b>: Oral temperature taking <span>(Details : {SNOMED CT code '89003005' = '89003005', given as 'Oral temperature taking'})</span></p><h3>ReferenceRanges</h3><table><tr><td>-</td><td><b>Low</b></td></tr><tr><td>*</td><td>37.5 degrees C</td></tr></table></div>"
  },
  "identifier": [
    {
      "system": "urn:ietf:rfc:3986",
      "value": "NA"
    }
  ],
  "status": "preliminary",
  "code": {
    "coding": [
      {
        "system": "http://loinc.org",
        "code": "8310-5",
        "display": "temperature"
      }
    ]
  },
  "subject": {
    "reference": "patient/cdp1000239"
  },
  "encounter": {
    "reference": "Encounter/agy1000245"
  },
  "performer": [
    {
      "reference": "Practitioner/cdp113",
      "display": "A. Langeveld"
    },
    {
      "reference": "Department/afa27",
      "display": "A. Langeveld-2"
    }
  ],
  "valueQuantity": {
    "value": "[TEMPERATURE]",
    "unit": "Cel"
  },
  "issued": "2012-09-17",

  "interpretation": {
    "fhir_comments": [
      "   an interpretation offered to the combination observation\n        generally, it would only be appropriate to offer an interpretation\n        of an observation that has no value if it has \"COMP\" (component)\n        observations   "
    ],
    "coding": [
      {
        "system": "http://hl7.org/fhir/v2/0078",
        "code": "L",
        "display": "Oral cavity"
      }
    ],
    "text": "low"
  },
  "bodySite": {
    "coding": [
      {
        "system": "http://snomed.info/sct",
        "code": "74262004",
        "display": "Oral cavity"
      }
    ]
  },
  "method": {
    "coding": [
      {
        "system": "http://snomed.info/sct",
        "code": "89003005",
        "display": "Oral temperature test"
      }
    ]
  }
}